,Close,Volume,SMA_5,SMA_20,RSI,MACD,MACD_Signal
Close,1.0,-0.0304691542920943,0.7014941816077747,0.36968581701244346,0.7283732925105563,0.22900202010602747,0.1474140661067828
Volume,-0.0304691542920943,1.0,-0.4139256704309036,-0.41556279254261086,0.16588824303511293,0.44218548276112246,0.2732467491419138
SMA_5,0.7014941816077747,-0.4139256704309036,1.0,0.5422941746711445,0.568712036053765,0.07029807492180323,0.0517748466157468
SMA_20,0.36968581701244346,-0.41556279254261086,0.5422941746711445,1.0,-0.08261997670816759,-0.22626643816974074,-0.22557786329665944
RSI,0.7283732925105563,0.16588824303511293,0.568712036053765,-0.08261997670816759,1.0,0.6552545565524603,0.480229921900806
MACD,0.22900202010602747,0.44218548276112246,0.07029807492180323,-0.22626643816974074,0.6552545565524603,1.0,0.9306286654622764
MACD_Signal,0.1474140661067828,0.2732467491419138,0.0517748466157468,-0.22557786329665944,0.480229921900806,0.9306286654622764,1.0
