,Close,Volume,SMA5,SMA20,RSI,MACD_line,Signal_line
Close,1.0,0.20398341021384545,0.9888930893697347,0.954790175225783,0.07066367361128541,0.36022794139375913,0.3968567931723275
Volume,0.20398341021384545,1.0,0.11806476111426847,0.018013208696790555,0.37314938975105444,0.4912392788034637,0.3603584209368975
SMA5,0.9888930893697347,0.11806476111426847,1.0,0.9737872660627755,0.004074537864709685,0.33135042453920993,0.38946539024881494
SMA20,0.954790175225783,0.018013208696790555,0.9737872660627755,1.0,-0.1596974692270351,0.11026503122317796,0.21866405006231318
RSI,0.07066367361128541,0.37314938975105444,0.004074537864709685,-0.1596974692270351,1.0,0.5747662747143063,0.40021174107233326
MACD_line,0.36022794139375913,0.4912392788034637,0.33135042453920993,0.11026503122317796,0.5747662747143063,1.0,0.9494059231971413
Signal_line,0.3968567931723275,0.3603584209368975,0.38946539024881494,0.21866405006231318,0.40021174107233326,0.9494059231971413,1.0
