,Close,Volume,SMA_5,SMA_20,RSI,MACD,Signal_Line,MACD_Hist
Close,1.0,0.3105422000615182,0.963703284764423,0.8430695566872369,0.5623703208079082,0.786533761541444,0.8215809531650095,0.11352228850583597
Volume,0.3105422000615182,1.0,0.22492242965034426,0.19127063179628825,0.40607710615925485,0.3588408132518785,0.22400294963875067,0.4002574289816967
SMA_5,0.963703284764423,0.22492242965034426,1.0,0.9102938411687528,0.445047064854041,0.7511286566212854,0.8452220608277445,-0.02492536590114474
SMA_20,0.8430695566872369,0.19127063179628825,0.9102938411687528,1.0,0.10888555901718196,0.5575972348665565,0.7616397479434585,-0.3808814736334163
RSI,0.5623703208079082,0.40607710615925485,0.445047064854041,0.10888555901718196,1.0,0.7253421911142313,0.48107744960246335,0.7802650866808393
MACD,0.786533761541444,0.3588408132518785,0.7511286566212854,0.5575972348665565,0.7253421911142313,1.0,0.920558016553055,0.4308188426983307
Signal_Line,0.8215809531650095,0.22400294963875067,0.8452220608277445,0.7616397479434585,0.48107744960246335,0.920558016553055,1.0,0.04409599889531726
MACD_Hist,0.11352228850583597,0.4002574289816967,-0.02492536590114474,-0.3808814736334163,0.7802650866808393,0.4308188426983307,0.04409599889531726,1.0
